iter	Logloss
0	0.07647807766
1	0.0711740829
